[{"name":"app","description":null,"location":"index.html","searchKeys":["app"]},{"name":"cz.cvut.fit.sp1.households.client","description":null,"location":"app/cz.cvut.fit.sp1.households.client/index.html","searchKeys":["cz.cvut.fit.sp1.households.client"]},{"name":"BaseApplication","description":null,"location":"app/cz.cvut.fit.sp1.households.client/-base-application/index.html","searchKeys":["BaseApplication"]},{"name":"cz.cvut.fit.sp1.households.client.api.helpers.impls","description":null,"location":"app/cz.cvut.fit.sp1.households.client.api.helpers.impls/index.html","searchKeys":["cz.cvut.fit.sp1.households.client.api.helpers.impls"]},{"name":"HouseHoldsServiceHelperImpl","description":null,"location":"app/cz.cvut.fit.sp1.households.client.api.helpers.impls/-house-holds-service-helper-impl/index.html","searchKeys":["HouseHoldsServiceHelperImpl"]},{"name":"InvitationsServiceHelperImpl","description":null,"location":"app/cz.cvut.fit.sp1.households.client.api.helpers.impls/-invitations-service-helper-impl/index.html","searchKeys":["InvitationsServiceHelperImpl"]},{"name":"UserServiceHelperImpl","description":null,"location":"app/cz.cvut.fit.sp1.households.client.api.helpers.impls/-user-service-helper-impl/index.html","searchKeys":["UserServiceHelperImpl"]},{"name":"cz.cvut.fit.sp1.households.client.api.helpers.interfaces","description":null,"location":"app/cz.cvut.fit.sp1.households.client.api.helpers.interfaces/index.html","searchKeys":["cz.cvut.fit.sp1.households.client.api.helpers.interfaces"]},{"name":"HouseHoldsServiceHelper","description":null,"location":"app/cz.cvut.fit.sp1.households.client.api.helpers.interfaces/-house-holds-service-helper/index.html","searchKeys":["HouseHoldsServiceHelper"]},{"name":"InvitationsServiceHelper","description":null,"location":"app/cz.cvut.fit.sp1.households.client.api.helpers.interfaces/-invitations-service-helper/index.html","searchKeys":["InvitationsServiceHelper"]},{"name":"UserServiceHelper","description":null,"location":"app/cz.cvut.fit.sp1.households.client.api.helpers.interfaces/-user-service-helper/index.html","searchKeys":["UserServiceHelper"]},{"name":"cz.cvut.fit.sp1.households.client.api.models","description":null,"location":"app/cz.cvut.fit.sp1.households.client.api.models/index.html","searchKeys":["cz.cvut.fit.sp1.households.client.api.models"]},{"name":"EmptyResponse","description":null,"location":"app/cz.cvut.fit.sp1.households.client.api.models/-empty-response/index.html","searchKeys":["EmptyResponse"]},{"name":"NewHousehold","description":null,"location":"app/cz.cvut.fit.sp1.households.client.api.models/-new-household/index.html","searchKeys":["NewHousehold"]},{"name":"RequestResult","description":null,"location":"app/cz.cvut.fit.sp1.households.client.api.models/-request-result/index.html","searchKeys":["RequestResult"]},{"name":"cz.cvut.fit.sp1.households.client.api.models.requests","description":null,"location":"app/cz.cvut.fit.sp1.households.client.api.models.requests/index.html","searchKeys":["cz.cvut.fit.sp1.households.client.api.models.requests"]},{"name":"InviteUserRequest","description":null,"location":"app/cz.cvut.fit.sp1.households.client.api.models.requests/-invite-user-request/index.html","searchKeys":["InviteUserRequest"]},{"name":"LoginRequest","description":null,"location":"app/cz.cvut.fit.sp1.households.client.api.models.requests/-login-request/index.html","searchKeys":["LoginRequest"]},{"name":"RegisterRequest","description":null,"location":"app/cz.cvut.fit.sp1.households.client.api.models.requests/-register-request/index.html","searchKeys":["RegisterRequest"]},{"name":"cz.cvut.fit.sp1.households.client.api.services","description":null,"location":"app/cz.cvut.fit.sp1.households.client.api.services/index.html","searchKeys":["cz.cvut.fit.sp1.households.client.api.services"]},{"name":"HouseHoldsService","description":null,"location":"app/cz.cvut.fit.sp1.households.client.api.services/-house-holds-service/index.html","searchKeys":["HouseHoldsService"]},{"name":"InvitationsService","description":null,"location":"app/cz.cvut.fit.sp1.households.client.api.services/-invitations-service/index.html","searchKeys":["InvitationsService"]},{"name":"UsersService","description":null,"location":"app/cz.cvut.fit.sp1.households.client.api.services/-users-service/index.html","searchKeys":["UsersService"]},{"name":"cz.cvut.fit.sp1.households.client.api.utils","description":null,"location":"app/cz.cvut.fit.sp1.households.client.api.utils/index.html","searchKeys":["cz.cvut.fit.sp1.households.client.api.utils"]},{"name":"ApiConverter","description":null,"location":"app/cz.cvut.fit.sp1.households.client.api.utils/-api-converter/index.html","searchKeys":["ApiConverter"]},{"name":"cz.cvut.fit.sp1.households.client.di","description":null,"location":"app/cz.cvut.fit.sp1.households.client.di/index.html","searchKeys":["cz.cvut.fit.sp1.households.client.di"]},{"name":"AppModule","description":null,"location":"app/cz.cvut.fit.sp1.households.client.di/-app-module/index.html","searchKeys":["AppModule"]},{"name":"cz.cvut.fit.sp1.households.client.helpers","description":null,"location":"app/cz.cvut.fit.sp1.households.client.helpers/index.html","searchKeys":["cz.cvut.fit.sp1.households.client.helpers"]},{"name":"SingleLiveEvent","description":null,"location":"app/cz.cvut.fit.sp1.households.client.helpers/-single-live-event/index.html","searchKeys":["SingleLiveEvent"]},{"name":"ViewState","description":null,"location":"app/cz.cvut.fit.sp1.households.client.helpers/-view-state/index.html","searchKeys":["ViewState"]},{"name":"Initial","description":null,"location":"app/cz.cvut.fit.sp1.households.client.helpers/-view-state/-initial/index.html","searchKeys":["Initial"]},{"name":"Loading","description":null,"location":"app/cz.cvut.fit.sp1.households.client.helpers/-view-state/-loading/index.html","searchKeys":["Loading"]},{"name":"cz.cvut.fit.sp1.households.client.local_data","description":null,"location":"app/cz.cvut.fit.sp1.households.client.local_data/index.html","searchKeys":["cz.cvut.fit.sp1.households.client.local_data"]},{"name":"ResourcesProvider","description":null,"location":"app/cz.cvut.fit.sp1.households.client.local_data/-resources-provider/index.html","searchKeys":["ResourcesProvider"]},{"name":"SharedPrefsHelper","description":null,"location":"app/cz.cvut.fit.sp1.households.client.local_data/-shared-prefs-helper/index.html","searchKeys":["SharedPrefsHelper"]},{"name":"cz.cvut.fit.sp1.households.client.models","description":null,"location":"app/cz.cvut.fit.sp1.households.client.models/index.html","searchKeys":["cz.cvut.fit.sp1.households.client.models"]},{"name":"HouseHold","description":null,"location":"app/cz.cvut.fit.sp1.households.client.models/-house-hold/index.html","searchKeys":["HouseHold"]},{"name":"Invitation","description":null,"location":"app/cz.cvut.fit.sp1.households.client.models/-invitation/index.html","searchKeys":["Invitation"]},{"name":"User","description":null,"location":"app/cz.cvut.fit.sp1.households.client.models/-user/index.html","searchKeys":["User"]},{"name":"cz.cvut.fit.sp1.households.client.repositories.impls","description":null,"location":"app/cz.cvut.fit.sp1.households.client.repositories.impls/index.html","searchKeys":["cz.cvut.fit.sp1.households.client.repositories.impls"]},{"name":"HouseHoldRepositoryImpl","description":null,"location":"app/cz.cvut.fit.sp1.households.client.repositories.impls/-house-hold-repository-impl/index.html","searchKeys":["HouseHoldRepositoryImpl"]},{"name":"InvitationsRepositoryImpl","description":null,"location":"app/cz.cvut.fit.sp1.households.client.repositories.impls/-invitations-repository-impl/index.html","searchKeys":["InvitationsRepositoryImpl"]},{"name":"UserRepositoryImpl","description":null,"location":"app/cz.cvut.fit.sp1.households.client.repositories.impls/-user-repository-impl/index.html","searchKeys":["UserRepositoryImpl"]},{"name":"cz.cvut.fit.sp1.households.client.repositories.interfaces","description":null,"location":"app/cz.cvut.fit.sp1.households.client.repositories.interfaces/index.html","searchKeys":["cz.cvut.fit.sp1.households.client.repositories.interfaces"]},{"name":"HouseHoldRepository","description":null,"location":"app/cz.cvut.fit.sp1.households.client.repositories.interfaces/-house-hold-repository/index.html","searchKeys":["HouseHoldRepository"]},{"name":"InvitationsRepository","description":null,"location":"app/cz.cvut.fit.sp1.households.client.repositories.interfaces/-invitations-repository/index.html","searchKeys":["InvitationsRepository"]},{"name":"UserRepository","description":null,"location":"app/cz.cvut.fit.sp1.households.client.repositories.interfaces/-user-repository/index.html","searchKeys":["UserRepository"]},{"name":"cz.cvut.fit.sp1.households.client.screens.add_household","description":null,"location":"app/cz.cvut.fit.sp1.households.client.screens.add_household/index.html","searchKeys":["cz.cvut.fit.sp1.households.client.screens.add_household"]},{"name":"AddHouseHoldActivity","description":null,"location":"app/cz.cvut.fit.sp1.households.client.screens.add_household/-add-house-hold-activity/index.html","searchKeys":["AddHouseHoldActivity"]},{"name":"AddHouseHoldViewModel","description":null,"location":"app/cz.cvut.fit.sp1.households.client.screens.add_household/-add-house-hold-view-model/index.html","searchKeys":["AddHouseHoldViewModel"]},{"name":"cz.cvut.fit.sp1.households.client.screens.household_details","description":null,"location":"app/cz.cvut.fit.sp1.households.client.screens.household_details/index.html","searchKeys":["cz.cvut.fit.sp1.households.client.screens.household_details"]},{"name":"HouseHoldDetailsActivity","description":null,"location":"app/cz.cvut.fit.sp1.households.client.screens.household_details/-house-hold-details-activity/index.html","searchKeys":["HouseHoldDetailsActivity"]},{"name":"HouseHoldDetailsViewModel","description":null,"location":"app/cz.cvut.fit.sp1.households.client.screens.household_details/-house-hold-details-view-model/index.html","searchKeys":["HouseHoldDetailsViewModel"]},{"name":"InviteBottomFragment","description":null,"location":"app/cz.cvut.fit.sp1.households.client.screens.household_details/-invite-bottom-fragment/index.html","searchKeys":["InviteBottomFragment"]},{"name":"cz.cvut.fit.sp1.households.client.screens.intro","description":null,"location":"app/cz.cvut.fit.sp1.households.client.screens.intro/index.html","searchKeys":["cz.cvut.fit.sp1.households.client.screens.intro"]},{"name":"IntroActivity","description":null,"location":"app/cz.cvut.fit.sp1.households.client.screens.intro/-intro-activity/index.html","searchKeys":["IntroActivity"]},{"name":"cz.cvut.fit.sp1.households.client.screens.invitation","description":null,"location":"app/cz.cvut.fit.sp1.households.client.screens.invitation/index.html","searchKeys":["cz.cvut.fit.sp1.households.client.screens.invitation"]},{"name":"InvitationActivity","description":null,"location":"app/cz.cvut.fit.sp1.households.client.screens.invitation/-invitation-activity/index.html","searchKeys":["InvitationActivity"]},{"name":"InvitationViewModel","description":null,"location":"app/cz.cvut.fit.sp1.households.client.screens.invitation/-invitation-view-model/index.html","searchKeys":["InvitationViewModel"]},{"name":"cz.cvut.fit.sp1.households.client.screens.login","description":null,"location":"app/cz.cvut.fit.sp1.households.client.screens.login/index.html","searchKeys":["cz.cvut.fit.sp1.households.client.screens.login"]},{"name":"LoginActivity","description":null,"location":"app/cz.cvut.fit.sp1.households.client.screens.login/-login-activity/index.html","searchKeys":["LoginActivity"]},{"name":"LoginViewModel","description":null,"location":"app/cz.cvut.fit.sp1.households.client.screens.login/-login-view-model/index.html","searchKeys":["LoginViewModel"]},{"name":"cz.cvut.fit.sp1.households.client.screens.main","description":null,"location":"app/cz.cvut.fit.sp1.households.client.screens.main/index.html","searchKeys":["cz.cvut.fit.sp1.households.client.screens.main"]},{"name":"MainActivity","description":null,"location":"app/cz.cvut.fit.sp1.households.client.screens.main/-main-activity/index.html","searchKeys":["MainActivity"]},{"name":"MainViewModel","description":null,"location":"app/cz.cvut.fit.sp1.households.client.screens.main/-main-view-model/index.html","searchKeys":["MainViewModel"]},{"name":"cz.cvut.fit.sp1.households.client.screens.main.fragments","description":null,"location":"app/cz.cvut.fit.sp1.households.client.screens.main.fragments/index.html","searchKeys":["cz.cvut.fit.sp1.households.client.screens.main.fragments"]},{"name":"HouseHoldsFragment","description":null,"location":"app/cz.cvut.fit.sp1.households.client.screens.main.fragments/-house-holds-fragment/index.html","searchKeys":["HouseHoldsFragment"]},{"name":"InvitationsFragment","description":null,"location":"app/cz.cvut.fit.sp1.households.client.screens.main.fragments/-invitations-fragment/index.html","searchKeys":["InvitationsFragment"]},{"name":"cz.cvut.fit.sp1.households.client.screens.main.rcl","description":null,"location":"app/cz.cvut.fit.sp1.households.client.screens.main.rcl/index.html","searchKeys":["cz.cvut.fit.sp1.households.client.screens.main.rcl"]},{"name":"HouseHoldsRclAdapter","description":null,"location":"app/cz.cvut.fit.sp1.households.client.screens.main.rcl/-house-holds-rcl-adapter/index.html","searchKeys":["HouseHoldsRclAdapter"]},{"name":"InvitationsRclAdapter","description":null,"location":"app/cz.cvut.fit.sp1.households.client.screens.main.rcl/-invitations-rcl-adapter/index.html","searchKeys":["InvitationsRclAdapter"]},{"name":"cz.cvut.fit.sp1.households.client.screens.register","description":null,"location":"app/cz.cvut.fit.sp1.households.client.screens.register/index.html","searchKeys":["cz.cvut.fit.sp1.households.client.screens.register"]},{"name":"RegisterActivity","description":null,"location":"app/cz.cvut.fit.sp1.households.client.screens.register/-register-activity/index.html","searchKeys":["RegisterActivity"]},{"name":"RegisterViewModel","description":null,"location":"app/cz.cvut.fit.sp1.households.client.screens.register/-register-view-model/index.html","searchKeys":["RegisterViewModel"]},{"name":"cz.cvut.fit.sp1.households.client.utils","description":null,"location":"app/cz.cvut.fit.sp1.households.client.utils/index.html","searchKeys":["cz.cvut.fit.sp1.households.client.utils"]},{"name":"Constants","description":null,"location":"app/cz.cvut.fit.sp1.households.client.utils/-constants/index.html","searchKeys":["Constants"]},{"name":"DataClassDiffCallback","description":null,"location":"app/cz.cvut.fit.sp1.households.client.utils/-data-class-diff-callback/index.html","searchKeys":["DataClassDiffCallback"]}]
